{
  "dataset_info": {
    "seed": 276,
    "dataset_index": 25,
    "node_count": 40,
    "edge_count": 40,
    "graph_type": "SF",
    "shifted_nodes": [
      7,
      15,
      36,
      33,
      10,
      20,
      29,
      30
    ],
    "shift_types": {
      "7": "function",
      "15": "function",
      "36": "function",
      "33": "function",
      "10": "noise_std",
      "20": "noise_std",
      "29": "noise_std",
      "30": "noise_std"
    },
    "shift_case": "function_noise_std"
  },
  "model": "gpr",
  "estimated_shift_types": {
    "33": "noise",
    "36": "noise",
    "7": "noise",
    "10": "noise",
    "15": "noise",
    "20": "noise",
    "29": "noise",
    "30": "noise"
  }
}