{
  "dataset_info": {
    "seed": 254,
    "dataset_index": 3,
    "node_count": 40,
    "edge_count": 40,
    "graph_type": "SF",
    "shifted_nodes": [
      19,
      16,
      2,
      21,
      35,
      9,
      20,
      28
    ],
    "shift_types": {
      "19": "function",
      "16": "function",
      "2": "function",
      "21": "function",
      "35": "function",
      "9": "function",
      "20": "function",
      "28": "function"
    },
    "shift_case": "function_function"
  },
  "model": "gpr",
  "estimated_shift_types": {
    "2": "noise",
    "35": "noise",
    "9": "noise",
    "16": "function",
    "19": "noise",
    "20": "function",
    "21": "noise",
    "28": "noise"
  }
}