{
  "dataset_info": {
    "seed": 253,
    "dataset_index": 2,
    "node_count": 40,
    "edge_count": 40,
    "graph_type": "SF",
    "shifted_nodes": [
      32,
      13,
      15,
      8,
      33,
      10,
      25,
      1
    ],
    "shift_types": {
      "32": "function",
      "13": "function",
      "15": "function",
      "8": "function",
      "33": "noise_skew",
      "10": "noise_skew",
      "25": "noise_skew",
      "1": "noise_skew"
    },
    "shift_case": "function_noise_skew"
  },
  "model": "gpr",
  "estimated_shift_types": {
    "32": "noise",
    "33": "noise",
    "1": "noise",
    "8": "noise",
    "10": "noise",
    "13": "noise",
    "15": "noise",
    "25": "noise"
  }
}