{
  "dataset_info": {
    "seed": 259,
    "dataset_index": 8,
    "node_count": 40,
    "edge_count": 40,
    "graph_type": "SF",
    "shifted_nodes": [
      7,
      12,
      35,
      21,
      5,
      4,
      17,
      10
    ],
    "shift_types": {
      "7": "function",
      "12": "function",
      "35": "function",
      "21": "function",
      "5": "noise_skew",
      "4": "noise_skew",
      "17": "noise_skew",
      "10": "noise_skew"
    },
    "shift_case": "function_noise_skew"
  },
  "model": "gpr",
  "estimated_shift_types": {
    "35": "noise",
    "4": "noise",
    "5": "noise",
    "7": "noise",
    "10": "noise",
    "12": "noise",
    "17": "noise",
    "21": "noise"
  }
}