{
  "dataset_info": {
    "seed": 263,
    "dataset_index": 12,
    "node_count": 40,
    "edge_count": 40,
    "graph_type": "SF",
    "shifted_nodes": [
      14,
      18,
      11,
      3,
      17,
      10,
      8,
      39
    ],
    "shift_types": {
      "14": "noise_skew",
      "18": "noise_skew",
      "11": "noise_skew",
      "3": "noise_skew",
      "17": "noise_skew",
      "10": "noise_skew",
      "8": "noise_skew",
      "39": "noise_skew"
    },
    "shift_case": "noise_skew_noise_skew"
  },
  "model": "gpr",
  "estimated_shift_types": {
    "3": "noise",
    "39": "noise",
    "8": "noise",
    "10": "noise",
    "11": "noise",
    "14": "noise",
    "17": "noise",
    "18": "noise"
  }
}