{
  "dataset_info": {
    "seed": 274,
    "dataset_index": 23,
    "node_count": 40,
    "edge_count": 40,
    "graph_type": "SF",
    "shifted_nodes": [
      25,
      31,
      15,
      28,
      23,
      14,
      4,
      33
    ],
    "shift_types": {
      "25": "noise_std",
      "31": "noise_std",
      "15": "noise_std",
      "28": "noise_std",
      "23": "noise_std",
      "14": "noise_std",
      "4": "noise_std",
      "33": "noise_std"
    },
    "shift_case": "noise_std_noise_std"
  },
  "model": "gpr",
  "estimated_shift_types": {
    "33": "noise",
    "4": "noise",
    "14": "noise",
    "15": "noise",
    "23": "noise",
    "25": "noise",
    "28": "noise",
    "31": "noise"
  }
}