{
  "dataset_info": {
    "seed": 270,
    "dataset_index": 19,
    "node_count": 40,
    "edge_count": 40,
    "graph_type": "SF",
    "shifted_nodes": [
      22,
      14,
      13,
      34,
      38,
      26,
      39,
      18
    ],
    "shift_types": {
      "22": "function",
      "14": "function",
      "13": "function",
      "34": "function",
      "38": "noise_std",
      "26": "noise_std",
      "39": "noise_std",
      "18": "noise_std"
    },
    "shift_case": "function_noise_std"
  },
  "model": "gpr",
  "estimated_shift_types": {
    "34": "noise",
    "38": "noise",
    "39": "noise",
    "13": "noise",
    "14": "noise",
    "18": "noise",
    "22": "function",
    "26": "noise"
  }
}