{
  "dataset_info": {
    "seed": 271,
    "dataset_index": 20,
    "node_count": 40,
    "edge_count": 40,
    "graph_type": "SF",
    "shifted_nodes": [
      19,
      38,
      37,
      33,
      8,
      21,
      2,
      17
    ],
    "shift_types": {
      "19": "function",
      "38": "function",
      "37": "function",
      "33": "function",
      "8": "noise_skew",
      "21": "noise_skew",
      "2": "noise_skew",
      "17": "noise_skew"
    },
    "shift_case": "function_noise_skew"
  },
  "model": "gpr",
  "estimated_shift_types": {
    "33": "noise",
    "2": "noise",
    "37": "noise",
    "38": "function",
    "8": "noise",
    "17": "noise",
    "19": "noise",
    "21": "noise"
  }
}