{
  "dataset_info": {
    "seed": 281,
    "dataset_index": 30,
    "node_count": 40,
    "edge_count": 40,
    "graph_type": "SF",
    "shifted_nodes": [
      1,
      32,
      27,
      18,
      26,
      34,
      31,
      30
    ],
    "shift_types": {
      "1": "noise_skew",
      "32": "noise_skew",
      "27": "noise_skew",
      "18": "noise_skew",
      "26": "noise_skew",
      "34": "noise_skew",
      "31": "noise_skew",
      "30": "noise_skew"
    },
    "shift_case": "noise_skew_noise_skew"
  },
  "model": "gpr",
  "estimated_shift_types": {
    "32": "noise",
    "1": "noise",
    "34": "noise",
    "18": "noise",
    "26": "noise",
    "27": "noise",
    "30": "noise",
    "31": "noise"
  }
}