{
  "dataset_info": {
    "seed": 269,
    "dataset_index": 18,
    "node_count": 40,
    "edge_count": 40,
    "graph_type": "SF",
    "shifted_nodes": [
      1,
      7,
      12,
      18,
      25,
      23,
      28,
      24
    ],
    "shift_types": {
      "1": "noise_skew",
      "7": "noise_skew",
      "12": "noise_skew",
      "18": "noise_skew",
      "25": "noise_skew",
      "23": "noise_skew",
      "28": "noise_skew",
      "24": "noise_skew"
    },
    "shift_case": "noise_skew_noise_skew"
  },
  "model": "gpr",
  "estimated_shift_types": {
    "1": "noise",
    "7": "noise",
    "12": "noise",
    "18": "noise",
    "23": "noise",
    "24": "noise",
    "25": "noise",
    "28": "noise"
  }
}