{
  "dataset_info": {
    "seed": 264,
    "dataset_index": 13,
    "node_count": 40,
    "edge_count": 40,
    "graph_type": "SF",
    "shifted_nodes": [
      12,
      38,
      28,
      19,
      24,
      7,
      27,
      16
    ],
    "shift_types": {
      "12": "function",
      "38": "function",
      "28": "function",
      "19": "function",
      "24": "noise_std",
      "7": "noise_std",
      "27": "noise_std",
      "16": "noise_std"
    },
    "shift_case": "function_noise_std"
  },
  "model": "gpr",
  "estimated_shift_types": {
    "38": "noise",
    "7": "noise",
    "12": "noise",
    "16": "noise",
    "19": "noise",
    "24": "noise",
    "27": "function",
    "28": "noise"
  }
}