{
  "dataset_info": {
    "seed": 280,
    "dataset_index": 29,
    "node_count": 40,
    "edge_count": 40,
    "graph_type": "SF",
    "shifted_nodes": [
      9,
      30,
      18,
      29,
      15,
      11,
      6,
      7
    ],
    "shift_types": {
      "9": "noise_std",
      "30": "noise_std",
      "18": "noise_std",
      "29": "noise_std",
      "15": "noise_std",
      "11": "noise_std",
      "6": "noise_std",
      "7": "noise_std"
    },
    "shift_case": "noise_std_noise_std"
  },
  "model": "gpr",
  "estimated_shift_types": {
    "6": "noise",
    "7": "noise",
    "9": "noise",
    "11": "noise",
    "15": "noise",
    "18": "noise",
    "29": "noise",
    "30": "noise"
  }
}