{
  "dataset_info": {
    "seed": 272,
    "dataset_index": 21,
    "node_count": 40,
    "edge_count": 40,
    "graph_type": "SF",
    "shifted_nodes": [
      6,
      24,
      38,
      12,
      19,
      7,
      25,
      30
    ],
    "shift_types": {
      "6": "function",
      "24": "function",
      "38": "function",
      "12": "function",
      "19": "function",
      "7": "function",
      "25": "function",
      "30": "function"
    },
    "shift_case": "function_function"
  },
  "model": "gpr",
  "estimated_shift_types": {
    "38": "function",
    "6": "noise",
    "7": "noise",
    "12": "noise",
    "19": "noise",
    "24": "noise",
    "25": "noise",
    "30": "noise"
  }
}