{
  "dataset_info": {
    "seed": 273,
    "dataset_index": 22,
    "node_count": 40,
    "edge_count": 40,
    "graph_type": "SF",
    "shifted_nodes": [
      15,
      19,
      21,
      28,
      31,
      14,
      22,
      25
    ],
    "shift_types": {
      "15": "noise_std",
      "19": "noise_std",
      "21": "noise_std",
      "28": "noise_std",
      "31": "noise_skew",
      "14": "noise_skew",
      "22": "noise_skew",
      "25": "noise_skew"
    },
    "shift_case": "noise_std_noise_skew"
  },
  "model": "gpr",
  "estimated_shift_types": {
    "14": "noise",
    "15": "noise",
    "19": "noise",
    "21": "noise",
    "22": "noise",
    "25": "noise",
    "28": "noise",
    "31": "noise"
  }
}