{
  "dataset_info": {
    "seed": 278,
    "dataset_index": 27,
    "node_count": 40,
    "edge_count": 40,
    "graph_type": "SF",
    "shifted_nodes": [
      14,
      28,
      29,
      13,
      38,
      4,
      10,
      39
    ],
    "shift_types": {
      "14": "function",
      "28": "function",
      "29": "function",
      "13": "function",
      "38": "function",
      "4": "function",
      "10": "function",
      "39": "function"
    },
    "shift_case": "function_function"
  },
  "model": "gpr",
  "estimated_shift_types": {
    "4": "noise",
    "38": "noise",
    "39": "noise",
    "10": "noise",
    "13": "function",
    "14": "noise",
    "28": "noise",
    "29": "noise"
  }
}