{
  "dataset_info": {
    "seed": 252,
    "dataset_index": 1,
    "node_count": 40,
    "edge_count": 40,
    "graph_type": "SF",
    "shifted_nodes": [
      15,
      2,
      17,
      18,
      30,
      23,
      19,
      27
    ],
    "shift_types": {
      "15": "function",
      "2": "function",
      "17": "function",
      "18": "function",
      "30": "noise_std",
      "23": "noise_std",
      "19": "noise_std",
      "27": "noise_std"
    },
    "shift_case": "function_noise_std"
  },
  "model": "gpr",
  "estimated_shift_types": {
    "2": "noise",
    "15": "noise",
    "17": "noise",
    "18": "noise",
    "19": "function",
    "23": "function",
    "27": "noise",
    "30": "noise"
  }
}