{
  "dataset_info": {
    "seed": 267,
    "dataset_index": 16,
    "node_count": 40,
    "edge_count": 40,
    "graph_type": "SF",
    "shifted_nodes": [
      14,
      35,
      33,
      36,
      39,
      24,
      9,
      4
    ],
    "shift_types": {
      "14": "noise_std",
      "35": "noise_std",
      "33": "noise_std",
      "36": "noise_std",
      "39": "noise_skew",
      "24": "noise_skew",
      "9": "noise_skew",
      "4": "noise_skew"
    },
    "shift_case": "noise_std_noise_skew"
  },
  "model": "gpr",
  "estimated_shift_types": {
    "33": "noise",
    "35": "noise",
    "36": "noise",
    "4": "noise",
    "39": "noise",
    "9": "noise",
    "14": "noise",
    "24": "noise"
  }
}