{
  "dataset_info": {
    "seed": 268,
    "dataset_index": 17,
    "node_count": 40,
    "edge_count": 40,
    "graph_type": "SF",
    "shifted_nodes": [
      39,
      29,
      17,
      19,
      32,
      22,
      3,
      25
    ],
    "shift_types": {
      "39": "noise_std",
      "29": "noise_std",
      "17": "noise_std",
      "19": "noise_std",
      "32": "noise_std",
      "22": "noise_std",
      "3": "noise_std",
      "25": "noise_std"
    },
    "shift_case": "noise_std_noise_std"
  },
  "model": "gpr",
  "estimated_shift_types": {
    "32": "noise",
    "3": "noise",
    "39": "noise",
    "17": "noise",
    "19": "noise",
    "22": "noise",
    "25": "noise",
    "29": "noise"
  }
}