{
  "dataset_info": {
    "seed": 258,
    "dataset_index": 7,
    "node_count": 40,
    "edge_count": 40,
    "graph_type": "SF",
    "shifted_nodes": [
      31,
      12,
      25,
      33,
      24,
      39,
      15,
      19
    ],
    "shift_types": {
      "31": "function",
      "12": "function",
      "25": "function",
      "33": "function",
      "24": "noise_std",
      "39": "noise_std",
      "15": "noise_std",
      "19": "noise_std"
    },
    "shift_case": "function_noise_std"
  },
  "model": "gpr",
  "estimated_shift_types": {
    "33": "noise",
    "39": "noise",
    "12": "noise",
    "15": "noise",
    "19": "noise",
    "24": "noise",
    "25": "noise",
    "31": "noise"
  }
}