{
  "dataset_info": {
    "seed": 266,
    "dataset_index": 15,
    "node_count": 40,
    "edge_count": 40,
    "graph_type": "SF",
    "shifted_nodes": [
      33,
      4,
      34,
      18,
      30,
      28,
      31,
      25
    ],
    "shift_types": {
      "33": "function",
      "4": "function",
      "34": "function",
      "18": "function",
      "30": "function",
      "28": "function",
      "31": "function",
      "25": "function"
    },
    "shift_case": "function_function"
  },
  "model": "gpr",
  "estimated_shift_types": {
    "33": "noise",
    "34": "noise",
    "4": "noise",
    "18": "noise",
    "25": "noise",
    "28": "noise",
    "30": "noise",
    "31": "function"
  }
}