{
  "dataset_info": {
    "seed": 275,
    "dataset_index": 24,
    "node_count": 40,
    "edge_count": 40,
    "graph_type": "SF",
    "shifted_nodes": [
      18,
      29,
      17,
      4,
      35,
      3,
      25,
      16
    ],
    "shift_types": {
      "18": "noise_skew",
      "29": "noise_skew",
      "17": "noise_skew",
      "4": "noise_skew",
      "35": "noise_skew",
      "3": "noise_skew",
      "25": "noise_skew",
      "16": "noise_skew"
    },
    "shift_case": "noise_skew_noise_skew"
  },
  "model": "gpr",
  "estimated_shift_types": {
    "35": "noise",
    "4": "noise",
    "3": "noise",
    "16": "noise",
    "17": "noise",
    "18": "noise",
    "25": "noise",
    "29": "noise"
  }
}