{
  "dataset_info": {
    "seed": 257,
    "dataset_index": 6,
    "node_count": 40,
    "edge_count": 40,
    "graph_type": "SF",
    "shifted_nodes": [
      20,
      6,
      36,
      16,
      3,
      5,
      30,
      35
    ],
    "shift_types": {
      "20": "noise_skew",
      "6": "noise_skew",
      "36": "noise_skew",
      "16": "noise_skew",
      "3": "noise_skew",
      "5": "noise_skew",
      "30": "noise_skew",
      "35": "noise_skew"
    },
    "shift_case": "noise_skew_noise_skew"
  },
  "model": "gpr",
  "estimated_shift_types": {
    "3": "noise",
    "36": "noise",
    "5": "noise",
    "6": "noise",
    "35": "noise",
    "16": "noise",
    "20": "noise",
    "30": "noise"
  }
}