{
  "dataset_info": {
    "seed": 279,
    "dataset_index": 28,
    "node_count": 40,
    "edge_count": 40,
    "graph_type": "SF",
    "shifted_nodes": [
      28,
      24,
      33,
      17,
      13,
      30,
      16,
      9
    ],
    "shift_types": {
      "28": "noise_std",
      "24": "noise_std",
      "33": "noise_std",
      "17": "noise_std",
      "13": "noise_skew",
      "30": "noise_skew",
      "16": "noise_skew",
      "9": "noise_skew"
    },
    "shift_case": "noise_std_noise_skew"
  },
  "model": "gpr",
  "estimated_shift_types": {
    "33": "noise",
    "9": "noise",
    "13": "noise",
    "16": "noise",
    "17": "noise",
    "24": "noise",
    "28": "noise",
    "30": "noise"
  }
}