{
  "dataset_info": {
    "seed": 260,
    "dataset_index": 9,
    "node_count": 40,
    "edge_count": 40,
    "graph_type": "SF",
    "shifted_nodes": [
      3,
      24,
      2,
      25,
      17,
      4,
      31,
      36
    ],
    "shift_types": {
      "3": "function",
      "24": "function",
      "2": "function",
      "25": "function",
      "17": "function",
      "4": "function",
      "31": "function",
      "36": "function"
    },
    "shift_case": "function_function"
  },
  "model": "gpr",
  "estimated_shift_types": {
    "2": "noise",
    "3": "function",
    "4": "function",
    "36": "function",
    "17": "function",
    "24": "function",
    "25": "function",
    "31": "noise"
  }
}