{
  "dataset_info": {
    "seed": 255,
    "dataset_index": 4,
    "node_count": 40,
    "edge_count": 40,
    "graph_type": "SF",
    "shifted_nodes": [
      9,
      37,
      19,
      30,
      25,
      39,
      24,
      15
    ],
    "shift_types": {
      "9": "noise_std",
      "37": "noise_std",
      "19": "noise_std",
      "30": "noise_std",
      "25": "noise_skew",
      "39": "noise_skew",
      "24": "noise_skew",
      "15": "noise_skew"
    },
    "shift_case": "noise_std_noise_skew"
  },
  "model": "gpr",
  "estimated_shift_types": {
    "37": "noise",
    "39": "noise",
    "9": "noise",
    "15": "noise",
    "19": "noise",
    "24": "noise",
    "25": "noise",
    "30": "noise"
  }
}