{
  "dataset_info": {
    "seed": 261,
    "dataset_index": 10,
    "node_count": 40,
    "edge_count": 40,
    "graph_type": "SF",
    "shifted_nodes": [
      8,
      24,
      23,
      22,
      31,
      21,
      39,
      30
    ],
    "shift_types": {
      "8": "noise_std",
      "24": "noise_std",
      "23": "noise_std",
      "22": "noise_std",
      "31": "noise_skew",
      "21": "noise_skew",
      "39": "noise_skew",
      "30": "noise_skew"
    },
    "shift_case": "noise_std_noise_skew"
  },
  "model": "gpr",
  "estimated_shift_types": {
    "39": "noise",
    "8": "noise",
    "21": "noise",
    "22": "noise",
    "23": "noise",
    "24": "noise",
    "30": "noise",
    "31": "noise"
  }
}