{
  "dataset_info": {
    "seed": 256,
    "dataset_index": 5,
    "node_count": 40,
    "edge_count": 40,
    "graph_type": "SF",
    "shifted_nodes": [
      9,
      11,
      6,
      12,
      34,
      14,
      28,
      23
    ],
    "shift_types": {
      "9": "noise_std",
      "11": "noise_std",
      "6": "noise_std",
      "12": "noise_std",
      "34": "noise_std",
      "14": "noise_std",
      "28": "noise_std",
      "23": "noise_std"
    },
    "shift_case": "noise_std_noise_std"
  },
  "model": "gpr",
  "estimated_shift_types": {
    "34": "noise",
    "6": "noise",
    "9": "noise",
    "11": "noise",
    "12": "noise",
    "14": "noise",
    "23": "noise",
    "28": "noise"
  }
}