{
  "dataset_info": {
    "seed": 265,
    "dataset_index": 14,
    "node_count": 40,
    "edge_count": 40,
    "graph_type": "SF",
    "shifted_nodes": [
      24,
      1,
      38,
      35,
      18,
      22,
      3,
      33
    ],
    "shift_types": {
      "24": "function",
      "1": "function",
      "38": "function",
      "35": "function",
      "18": "noise_skew",
      "22": "noise_skew",
      "3": "noise_skew",
      "33": "noise_skew"
    },
    "shift_case": "function_noise_skew"
  },
  "model": "gpr",
  "estimated_shift_types": {
    "1": "noise",
    "33": "noise",
    "35": "function",
    "3": "noise",
    "38": "function",
    "18": "noise",
    "22": "noise",
    "24": "noise"
  }
}