{
  "dataset_info": {
    "seed": 262,
    "dataset_index": 11,
    "node_count": 40,
    "edge_count": 40,
    "graph_type": "SF",
    "shifted_nodes": [
      11,
      15,
      27,
      6,
      12,
      21,
      24,
      19
    ],
    "shift_types": {
      "11": "noise_std",
      "15": "noise_std",
      "27": "noise_std",
      "6": "noise_std",
      "12": "noise_std",
      "21": "noise_std",
      "24": "noise_std",
      "19": "noise_std"
    },
    "shift_case": "noise_std_noise_std"
  },
  "model": "gpr",
  "estimated_shift_types": {
    "6": "noise",
    "11": "noise",
    "12": "noise",
    "15": "noise",
    "19": "noise",
    "21": "noise",
    "24": "noise",
    "27": "noise"
  }
}