{
  "dataset_info": {
    "seed": 277,
    "dataset_index": 26,
    "node_count": 40,
    "edge_count": 40,
    "graph_type": "SF",
    "shifted_nodes": [
      39,
      9,
      26,
      24,
      28,
      5,
      34,
      12
    ],
    "shift_types": {
      "39": "function",
      "9": "function",
      "26": "function",
      "24": "function",
      "28": "noise_skew",
      "5": "noise_skew",
      "34": "noise_skew",
      "12": "noise_skew"
    },
    "shift_case": "function_noise_skew"
  },
  "model": "gpr",
  "estimated_shift_types": {
    "34": "noise",
    "5": "noise",
    "39": "noise",
    "9": "noise",
    "12": "noise",
    "24": "noise",
    "26": "noise",
    "28": "noise"
  }
}